-31,-0.6,-1.6,0.00268251866941824,0.357669155922432,0.165057155577774,0.00161034707265857
-37,-0.6,-1.6,0.0036556603123581,0.48742137498108,0.164514614611787,0.0124389275490721
-43,-0.6,-1.6,0.00460614208927636,0.614152278570181,0.163038942244169,0.0235780032216469
-49,-0.6,-1.6,0.00552301442593765,0.736401923458354,0.160534340285335,0.0349871409181235
-55,-0.6,-1.6,0.00639940888855044,0.853254518473392,0.156888469792773,0.046624831464002
-61,-0.6,-1.6,0.00723260448203997,0.964347264271996,0.151958391733528,0.0584581753110163
-67,-0.6,-1.6,0.00802410273394551,1.06988036452607,0.145531636418866,0.0704899756169646
-73,-0.6,-1.6,0.00878107007452844,1.17080934327046,0.13719082336452,0.0828488629641529
-79,-0.6,-1.6,0.00952776390719401,1.2703685209592,0.12552576230002,0.0962722798190013
-85,-0.6,-1.6,0.0104798605210441,1.39731473613921,0.0942157042210985,0.113757607856333
-91,-0.6,-1.6,0.0111377152298846,1.48502869731795,0.0759544784488899,0.11721707744332
-97,-0.6,-1.6,0.0117045485119911,1.56060646826548,0.0618699212359147,0.118536570555604
-103,-0.6,-1.6,0.0122263820852631,1.63018427803507,0.0493117876845168,0.11857715492769
-109,-0.6,-1.6,0.0127144363517051,1.69525818022735,0.0377832935983298,0.117570458100621
-115,-0.6,-1.6,0.0131714587009905,1.7561944934654,0.0271207610576833,0.115664493314413
-121,-0.6,-1.6,0.0135950470124088,1.81267293498784,0.0172571550335639,0.11298070545314
-127,-0.6,-1.6,0.0139790005335474,1.86386673780632,0.00815895951141106,0.109626613134998
-133,-0.6,-1.6,0.014315169542957,1.90868927239427,-0.000195639741467932,0.105699441265409
-139,-0.6,-1.6,0.0145968700295622,1.94624933727497,-0.00782514958739674,0.101287435188881
-145,-0.6,-1.6,0.0148245404510535,1.97660539347381,-0.0147480291537422,0.0964705676820543
-31,-0.6,-1.2,0.00342695047707668,0.456926730276891,0.165789345689832,0.0139080004293727
-37,-0.6,-1.2,0.0043885118125242,0.58513490833656,0.164247904721587,0.0254061576792244
-43,-0.6,-1.2,0.00531525670739258,0.708700894319011,0.161612353408198,0.0371686972338194
-49,-0.6,-1.2,0.00619978159146131,0.826637545528175,0.157751201724168,0.049162053327097
-55,-0.6,-1.2,0.00703933930788649,0.938578574384865,0.152475547848237,0.0613688211387795
-61,-0.6,-1.2,0.00783600988638013,1.04480131818402,0.145463394765268,0.0738083920228501
-67,-0.6,-1.2,0.00859787796238842,1.14638372831846,0.136045034082067,0.0865521198163032
-73,-0.6,-1.2,0.00933968584199284,1.24529144559904,0.122776464016426,0.0993885509924799
-79,-0.6,-1.2,0.0100461488570763,1.33948651427684,0.105893677886657,0.109690083136565
-85,-0.6,-1.2,0.0106716032413939,1.42288043218585,0.0901501991864571,0.115613522497997
-91,-0.6,-1.2,0.011233337318876,1.49777830918347,0.0762418490407926,0.118932157986231
-97,-0.6,-1.2,0.011752012109928,1.56693494799041,0.0635316115754504,0.120620685357878
-103,-0.6,-1.2,0.0122384758699205,1.63179678265606,0.0516993834196639,0.121067970328764
-109,-0.6,-1.2,0.0126979259828397,1.69305679771197,0.0406086264579659,0.120480273748174
-115,-0.6,-1.2,0.0131315131295818,1.75086841727757,0.0302019707276451,0.118997967360067
-121,-0.6,-1.2,0.0135368874955866,1.80491833274489,0.0204562300626036,0.116732578327367
-127,-0.6,-1.2,0.0139087049034616,1.85449398712821,0.0113625203948411,0.11378031717991
-133,-0.6,-1.2,0.0142397510028735,1.8986334670498,0.00291705234588381,0.110227551420826
-139,-0.6,-1.2,0.0145233049860945,1.9364406648126,-0.00488320283067621,0.106153214387876
-145,-0.6,-1.2,0.0147573078233715,1.96764104311619,-0.0120424882856695,0.101629975756572
-31,-0.6,-0.8,0.00419857885298974,0.559810513731966,0.165087087137978,0.0287683648184057
-37,-0.6,-0.8,0.00513554728358269,0.684739637811025,0.162002120152048,0.041000381566348
-43,-0.6,-0.8,0.00602723397580933,0.803631196774577,0.157522254743835,0.053351051992769
-49,-0.6,-0.8,0.00686919397685394,0.915892530247192,0.15146165026169,0.0656671244371441
-55,-0.6,-0.8,0.00765969139437229,1.02129218591631,0.143641982847424,0.0776658316940981
-61,-0.6,-0.8,0.00839756154486633,1.11967487264884,0.134041066168063,0.0888538702317593
-67,-0.6,-0.8,0.00908117069141384,1.21082275885518,0.123011408360137,0.0986118198231681
-73,-0.6,-0.8,0.00971088706740866,1.29478494232116,0.111213273596905,0.106543807639631
-79,-0.6,-0.8,0.0102914375096824,1.37219166795765,0.0992248774693439,0.112652352842578
-85,-0.6,-0.8,0.0108302180544289,1.44402907392385,0.0873656294311368,0.117145475113238
-91,-0.6,-0.8,0.011334678708917,1.51129049452227,0.0757812376574072,0.120246145891352
-97,-0.6,-0.8,0.0118109950442954,1.57479933923939,0.0645432471049465,0.122135444092991
-103,-0.6,-0.8,0.0122635618321454,1.63514157761939,0.0536966741233877,0.122954930999962
-109,-0.6,-0.8,0.0126947213618096,1.69262951490794,0.0432769445058438,0.122819041193949
-115,-0.6,-0.8,0.0131045397213301,1.74727196284401,0.0333148529075209,0.121824819286743
-121,-0.6,-0.8,0.0134906661072448,1.79875548096598,0.0238375885972054,0.120058013218413
-127,-0.6,-0.8,0.0138484430843664,1.84645907791553,0.0148686954342198,0.117596622643674
-133,-0.6,-0.8,0.0141715604740784,1.88954139654379,0.00642789072946376,0.114512913437754
-139,-0.6,-0.8,0.0144536610016831,1.92715480022441,-0.00146900504744426,0.110874556650112
-145,-0.6,-0.8,0.0146913530067298,1.95884706756398,-0.00880999522878519,0.106745282102106
-31,-0.6,-0.4,0.00497321850658095,0.663095800877459,0.160998987161098,0.0458773206424568
-37,-0.6,-0.4,0.00585713086557103,0.780950782076138,0.155843109589327,0.0576857625900895
-43,-0.6,-0.4,0.00668174755553372,0.890899674071162,0.149455898739153,0.0688629143184855
-49,-0.6,-0.4,0.00744555484911898,0.992740646549197,0.141986903591941,0.0791878023515596
-55,-0.6,-0.4,0.00815041048093512,1.08672139745802,0.133631580871512,0.0884999219794202
-61,-0.6,-0.4,0.008800538140517,1.17340508540227,0.124595994153571,0.0967103223322673
-67,-0.6,-0.4,0.00940153818805108,1.25353842507348,0.115070172669027,0.103790451447781
-73,-0.6,-0.4,0.00995957358952816,1.32794314527042,0.105216837300313,0.109752215737341
-79,-0.6,-0.4,0.0104807841184293,1.39743788245725,0.0951712141800341,0.114630426560853
-85,-0.6,-0.4,0.0109708861694248,1.46278482258997,0.0850454600029381,0.118471288399149
-91,-0.6,-0.4,0.0114348830457169,1.52465107276225,0.0749336767150604,0.12132605491404
-97,-0.6,-0.4,0.0118768211171891,1.58357614895854,0.0649159968354138,0.123247918182837
-103,-0.6,-0.4,0.0122995513581513,1.63994018108684,0.055061523277376,0.124290605376054
-109,-0.6,-0.4,0.0127044819876208,1.69393093168277,0.0454303500641172,0.124507775141856
-115,-0.6,-0.4,0.0130913384371358,1.7455117916181,0.0360749501289778,0.123952748508704
-121,-0.6,-0.4,0.0134579895360137,1.79439860480182,0.0270411577126007,0.122678360962465
-127,-0.6,-0.4,0.0138004618142969,1.84006157523959,0.018368899801979,0.120736849112963
-133,-0.6,-0.4,0.014113349269744,1.88177990263254,0.0100927734376893,0.118179743463981
-139,-0.6,-0.4,0.0143909194894614,1.91878926526152,0.00224252666650516,0.115057762698091
-145,-0.6,-0.4,0.0146292798546412,1.9505706472855,-0.00515652362425624,0.11142071297161
-31,-0.6,0,0.00564897984222883,0.753197312297177,0.154014376828359,0.0599011553587316
-37,-0.6,0,0.00645233949791905,0.860311933055874,0.148078715439593,0.0697465837216346
-43,-0.6,0,0.00719584808880644,0.959446411840859,0.141432021051994,0.0788308152987088
-49,-0.6,0,0.00788261842430696,1.05101578990759,0.134179326151412,0.0871191183851864
-55,-0.6,0,0.00851727377871138,1.13563650382818,0.126419330612042,0.09459111998248
-61,-0.6,0,0.00910518124222535,1.21402416563005,0.118244081109594,0.101237380037922
-67,-0.6,0,0.00965193381732239,1.28692450897632,0.109739167110523,0.107056905479534
-73,-0.6,0,0.0101630117032236,1.35506822709648,0.100984105125951,0.112055373114211
-79,-0.6,0,0.0106435548882406,1.41914065176541,0.0920527546524843,0.116243845362885
-85,-0.6,0,0.0110981938165821,1.47975917554428,0.0830137042511341,0.119637815573787
-91,-0.6,0,0.0115309006237343,1.5374534164979,0.0739306120141866,0.12225647171118
-97,-0.6,0,0.0119448366262505,1.59264488350007,0.0648625034487955,0.124122106993372
-103,-0.6,0,0.0123421831350777,1.64562441801036,0.0558640354215378,0.125259633102765
-109,-0.6,0,0.012723955113653,1.69652734848706,0.0469857348013367,0.125696168782115
-115,-0.6,0,0.0130898149211638,1.74530865615517,0.0382742185196639,0.125460687075123
-121,-0.6,0,0.0134379315200611,1.79172420267481,0.0297723995795993,0.124583710606038
-127,-0.6,0,0.0137649741611558,1.8353298881541,0.0215196817060926,0.123097047806194
-133,-0.6,0,0.014066390599032,1.87551874653759,0.0135521439875979,0.12103356496935
-139,-0.6,0,0.0143371910693817,1.91162547591756,0.00590271597374379,0.118426990119429
-145,-0.6,0,0.0145735184491688,1.94313579322251,-0.00139865683464713,0.11531174529942
-31,-0.2,-1.6,0.00267026962522736,0.356035950030315,0.165819602751774,0.00261334116708938
-37,-0.2,-1.6,0.00358905225919071,0.478540301225427,0.165194092427233,0.0126356373031257
-43,-0.2,-1.6,0.00448604445625261,0.598139260833682,0.163768176063334,0.0228667234890936
-49,-0.2,-1.6,0.00535185985308971,0.713581313745295,0.161478878720248,0.0332627402119848
-55,-0.2,-1.6,0.00618031625162187,0.824042166882916,0.158257741015051,0.043773237769973
-61,-0.2,-1.6,0.00696832535761889,0.929110047682519,0.154028609079436,0.0543412852480786
-67,-0.2,-1.6,0.00771552923279457,1.02873723103928,0.148702870483287,0.0649046739618521
-73,-0.2,-1.6,0.00842392234291221,1.12318964572163,0.142168464128628,0.0753995622332825
-79,-0.2,-1.6,0.00909771101101035,1.21302813480138,0.134262054680073,0.0857700060431293
-85,-0.2,-1.6,0.00974388889509893,1.29918518601319,0.12468677057692,0.0959941707011576
-91,-0.2,-1.6,0.01037569591913,1.38342612255067,0.112684897976263,0.106173707858209
-97,-0.2,-1.6,0.011043762630937,1.47250168412494,0.0942812247772271,0.116982520996789
-103,-0.2,-1.6,0.0117727111438544,1.56969481918059,0.066086154868853,0.121654381966805
-109,-0.2,-1.6,0.0123285913470449,1.64381217960598,0.0500036761707708,0.120952975272507
-115,-0.2,-1.6,0.0128308688049958,1.71078250733277,0.036901302629854,0.119130600379506
-121,-0.2,-1.6,0.0132957993067708,1.77277324090277,0.0253294637343029,0.116433551097411
-127,-0.2,-1.6,0.0137228323596064,1.82971098128085,0.0148935194886894,0.112983832162442
-133,-0.2,-1.6,0.0141051138428875,1.88068184571833,0.0054363498980317,0.108885868779003
-139,-0.2,-1.6,0.0144336675338756,1.92448900451674,-0.00312116660859736,0.104236889748931
-145,-0.2,-1.6,0.0147027520904668,1.96036694539557,-0.0108285314750721,0.0991277614366385
-31,-0.2,-1.2,0.00335669176059804,0.447558901413072,0.16630427445624,0.0140127578946061
-37,-0.2,-1.2,0.00426117728752533,0.568156971670044,0.164821215504796,0.0244332376462219
-43,-0.2,-1.2,0.00513336947935684,0.684449263914246,0.162452884108015,0.0349747168986138
-49,-0.2,-1.2,0.00596641897803357,0.795522530404476,0.159138331211137,0.0455803788653624
-55,-0.2,-1.2,0.00675676204204281,0.900901605605708,0.154809426262199,0.0561870250148954
-61,-0.2,-1.2,0.0075037010307568,1.00049347076757,0.149385724841805,0.0667247131666777
-67,-0.2,-1.2,0.00820890175030305,1.09452023337374,0.14276431974961,0.0771157027254745
-73,-0.2,-1.2,0.00887599584516562,1.18346611268875,0.134799469966145,0.0872704065675933
-79,-0.2,-1.2,0.0095104110922765,1.26805481230353,0.125262141519072,0.097071516974278
-85,-0.2,-1.2,0.0101193809442955,1.34925079257274,0.113773642446135,0.106310670288163
-91,-0.2,-1.2,0.0107106700150015,1.42808933533354,0.099847818411386,0.114454491488764
-97,-0.2,-1.2,0.0112833920451893,1.5044522726919,0.0838685945974744,0.120290613678416
-103,-0.2,-1.2,0.0118225875911413,1.57634501215217,0.0681212181428529,0.123071067277285
-109,-0.2,-1.2,0.0123245379979065,1.64327173305421,0.0539440499566095,0.123581057844692
-115,-0.2,-1.2,0.0127949774365587,1.70599699154116,0.0412141511478666,0.122612598058488
-121,-0.2,-1.2,0.0132365153427134,1.76486871236178,0.0296462167959649,0.120561091943165
-127,-0.2,-1.2,0.013646890164901,1.81958535532014,0.0190631145519163,0.117638724169032
-133,-0.2,-1.2,0.0140199253214081,1.86932337618775,0.00936666911753145,0.11398620166996
-139,-0.2,-1.2,0.0143474195871044,1.91298927828059,0.000500725104509449,0.109713315611146
-145,-0.2,-1.2,0.0146226781185538,1.94969041580717,-0.00757002718270519,0.104913976777682
-31,-0.2,-0.8,0.00405133126636066,0.540177502181421,0.16555334780278,0.0269508364751324
-37,-0.2,-0.8,0.00492865412128519,0.657153882838026,0.162961960085975,0.0376254809512004
-43,-0.2,-0.8,0.00576474653891909,0.768632871855879,0.159402310745262,0.0482693230932318
-49,-0.2,-0.8,0.00655552922359873,0.874070563146497,0.154826883526006,0.0587963807401578
-55,-0.2,-0.8,0.00729982906212302,0.973310541616403,0.149188516226933,0.0691062216808105
-61,-0.2,-0.8,0.00799870025836856,1.06649336778247,0.142442876213401,0.0790786595781342
-67,-0.2,-0.8,0.00865474528772643,1.15396603836352,0.134555255160133,0.0885660985104058
-73,-0.2,-0.8,0.00927149879540942,1.23619983938792,0.125516298394779,0.0973846840707605
-79,-0.2,-0.8,0.00985287423992644,1.31371656532352,0.115371894535014,0.105310487144947
-85,-0.2,-0.8,0.010402689739741,1.38702529863213,0.10426417102314,0.112095629324478
-91,-0.2,-0.8,0.0109243792246682,1.45658389662243,0.0924562667398031,0.117519416128594
-97,-0.2,-0.8,0.0114209761689856,1.52279682253142,0.080298162505287,0.121458341571112
-103,-0.2,-0.8,0.0118951619857075,1.58602159809434,0.0681371113477492,0.123919577837832
-109,-0.2,-0.8,0.0123490018110197,1.64653357480263,0.0562417779545672,0.125010128059863
-115,-0.2,-0.8,0.0127833216907625,1.70444289210167,0.044785925351249,0.124879374949779
-121,-0.2,-0.8,0.0131970111232499,1.75960148309999,0.0338715308955554,0.123678269706285
-127,-0.2,-0.8,0.0135865388477358,1.81153851303145,0.023557178060746,0.121542962278914
-133,-0.2,-0.8,0.0139459388571557,1.85945851428743,0.0138775951211878,0.118592494231507
-139,-0.2,-0.8,0.0142676350408399,1.90235133877865,0.00485434125645478,0.114931381390871
-145,-0.2,-0.8,0.0145446435941393,1.93928581255191,-0.0034989807667393,0.110652850637644
-31,-0.2,-0.4,0.00473176898251149,0.630902531001531,0.162693794340558,0.0408729370493595
-37,-0.2,-0.4,0.00556631725006289,0.742175633341718,0.158830734068606,0.0512732214106053
-43,-0.2,-0.4,0.00635267195165079,0.847022926886772,0.154039073299567,0.0613731589348317
-49,-0.2,-0.4,0.00708949473198171,0.945265964264228,0.148337430017423,0.0710668033737104
-55,-0.2,-0.4,0.00777775635169281,1.03703418022571,0.141761024065803,0.0802458952986695
-61,-0.2,-0.4,0.0084200390170813,1.12267186894417,0.134363513944552,0.0888033198857898
-67,-0.2,-0.4,0.00901996057943201,1.20266141059093,0.126217741450024,0.0966375545436814
-73,-0.2,-0.4,0.00958173542557238,1.27756472340965,0.117414844896181,0.103657682630567
-79,-0.2,-0.4,0.0101098446889183,1.34797929185578,0.108061468443561,0.109788225485969
-85,-0.2,-0.4,0.010608774068071,1.41450320907613,0.0982752650518134,0.114972908270164
-91,-0.2,-0.4,0.0110827791223669,1.47770388298225,0.0881793797713763,0.119176654763839
-97,-0.2,-0.4,0.0115356460826701,1.53808614435602,0.0778968674506441,0.122385560808828
-103,-0.2,-0.4,0.0119704260518282,1.59605680691042,0.0675459173096772,0.124605114816565
-109,-0.2,-0.4,0.0123891313905878,1.6518841854117,0.0572364029653511,0.125857282311815
-115,-0.2,-0.4,0.0127923985716496,1.70565314288661,0.0470678547783157,0.126177146301344
-121,-0.2,-0.4,0.0131791491764977,1.75721989019969,0.0371286405380215,0.125609653073109
-127,-0.2,-0.4,0.0135463305741285,1.8061774098838,0.0274960048730084,0.124206784927042
-133,-0.2,-0.4,0.0138889011920862,1.85185349227817,0.0182366234519795,0.122025276225331
-139,-0.2,-0.4,0.014200345337593,1.89337937834573,0.00940740562098293,0.119124854897959
-145,-0.2,-0.4,0.014474138470244,1.92988512936586,0.00105637131840549,0.115566927292015
-31,-0.2,0,0.00535522652439152,0.714030203252203,0.157709593247503,0.0535720923835356
-37,-0.2,0,0.00613369337825237,0.817825783766983,0.152954981461445,0.0629861689838367
-43,-0.2,0,0.00686152440778708,0.914869921038277,0.147482820365639,0.0719192893309493
-49,-0.2,0,0.0075399758931964,1.00533011909285,0.141347108842199,0.0803118910848086
-55,-0.2,0,0.00817186282659602,1.0895817102128,0.1346065920486,0.0881113898248363
-61,-0.2,0,0.00876095539136808,1.16812738551574,0.127323744064663,0.0952724182477024
-67,-0.2,0,0.00931152951229185,1.24153726830558,0.119563795541259,0.10175690513541
-73,-0.2,0,0.00982804676451994,1.31040623526933,0.11139382840799,0.107534020180617
-79,-0.2,0,0.0103149249801795,1.3753233306906,0.10288195115608,0.112580011424133
-85,-0.2,0,0.0107763617105625,1.436848228075,0.0940965610589214,0.116877960584488
-91,-0.2,0,0.0112161791026334,1.49549054701778,0.0851056941830644,0.120417478767458
-97,-0.2,0,0.0116376660363195,1.5516888048426,0.0759764601394043,0.12319436163158
-103,-0.2,0,0.0120434002955133,1.60578670606844,0.0667745560148311,0.125210219566976
-109,-0.2,0,0.0124350412023287,1.65800549364383,0.0575638525208682,0.126472095148393
-115,-0.2,0,0.0128130944651553,1.70841259535405,0.0484060448051762,0.126992077225289
-121,-0.2,0,0.0131766707852512,1.7568894380335,0.0393603603369352,0.126786918576691
-127,-0.2,0,0.0135232947339964,1.80310596453286,0.0304833165925544,0.125877662079903
-133,-0.2,0,0.0138488779816601,1.84651706422135,0.0218285217821185,0.124289278773916
-139,-0.2,0,0.0141480549901415,1.88640733201887,0.0134465124643713,0.122050319978059
-145,-0.2,0,0.0144151812214073,1.92202416285431,0.00538462253102783,0.119192584689231
-31,0.2,-1.6,0.00264999570124806,0.353332760166408,0.16640694966504,0.00338893850673989
-37,0.2,-1.6,0.00352178037221555,0.469570716295407,0.165735414265968,0.0126965670416542
-43,0.2,-1.6,0.00437311310107576,0.583081746810101,0.164372845171865,0.0221487793936592
-49,0.2,-1.6,0.00519589943542483,0.692786591389977,0.162275828801089,0.0317067864204377
-55,0.2,-1.6,0.00598466888312248,0.797955851082997,0.159398762527786,0.0413261508301562
-61,0.2,-1.6,0.00673646838787351,0.898195785049801,0.155693589839733,0.0509560789851421
-67,0.2,-1.6,0.0074505370570311,0.993404940937479,0.151109250962554,0.0605387274582707
-73,0.2,-1.6,0.00812791058328116,1.08372141110415,0.145590495596032,0.070008607239233
-79,0.2,-1.6,0.00877106622296339,1.16947549639512,0.139075270587954,0.0792922335718825
-85,0.2,-1.6,0.00938367437634005,1.25115658351201,0.13148883137837,0.0883082848791158
-91,0.2,-1.6,0.00997050387319877,1.3294005164265,0.122729815035759,0.0969687516590336
-97,0.2,-1.6,0.0105375875645848,1.40501167527797,0.112634158161394,0.105181988563041
-103,0.2,-1.6,0.0110931222554494,1.47908296739325,0.100864274011886,0.112859259621867
-109,0.2,-1.6,0.0116520667428425,1.55360889904566,0.0864283231267879,0.119920400362368
-115,0.2,-1.6,0.0122878468488428,1.63837957984571,0.0627192957810707,0.125475084879895
-121,0.2,-1.6,0.0129140989097942,1.72187985463923,0.0382542115913907,0.121992851792577
-127,0.2,-1.6,0.0134083387565333,1.7877785008711,0.024135729292778,0.117730882260652
-133,0.2,-1.6,0.0138469351284513,1.84625801712684,0.0125968308328032,0.113061492721427
-139,0.2,-1.6,0.014230381693507,1.89738422580094,0.00258893840672399,0.107916515234354
-145,0.2,-1.6,0.0145511712871876,1.94015617162501,-0.0062190703347223,0.102329121517374
-31,0.2,-1.2,0.00328591413097717,0.43812188413029,0.166695069068506,0.0139253444159688
-37,0.2,-1.2,0.00414290747284012,0.552387663045349,0.165293692072369,0.0234684763543206
-43,0.2,-1.2,0.00497068951164122,0.662758601552162,0.163155375189793,0.0330715949430293
-49,0.2,-1.2,0.00576320928263248,0.768427904350997,0.160244923025977,0.0426859132130728
-55,0.2,-1.2,0.00651706565923642,0.868942087898189,0.156526532102576,0.0522572282675801
-61,0.2,-1.2,0.00723116164143288,0.964154885524384,0.15196348265775,0.0617253679858352
-67,0.2,-1.2,0.00790625743698388,1.05416765826452,0.146517419945836,0.0710235456920305
-73,0.2,-1.2,0.00854454220409449,1.13927229387927,0.140146850625706,0.0800775136347021
-79,0.2,-1.2,0.00914928937840696,1.21990525045426,0.132804147098453,0.0888042375470508
-85,0.2,-1.2,0.00972461611568907,1.29661548209188,0.124429696531054,0.0971093810957362
-91,0.2,-1.2,0.0102753444097082,1.37004592129443,0.114940537490428,0.104881705682583
-97,0.2,-1.2,0.0108069600261219,1.44092800348292,0.104208562155319,0.111978995382
-103,0.2,-1.2,0.0113256608621079,1.51008811494772,0.0920225145693524,0.118189039105313
-109,0.2,-1.2,0.0118382200337664,1.57842933783553,0.0780606938176154,0.123116725767591
-115,0.2,-1.2,0.0123490516040499,1.64654021387332,0.0621913214915926,0.125948619464061
-121,0.2,-1.2,0.0128484955615914,1.71313274154551,0.045804322269583,0.125792360661322
-127,0.2,-1.2,0.0133163993120966,1.77551990827955,0.0311486882056398,0.1231997133977
-133,0.2,-1.2,0.0137437346204959,1.83249794939945,0.0185861932703495,0.119271079775179
-139,0.2,-1.2,0.0141247495352718,1.88329993803624,0.00767448810185839,0.114529772786299
-145,0.2,-1.2,0.0144517435062452,1.92689913416603,-0.00192180864708417,0.109192209496192
-31,0.2,-0.8,0.00392117417122059,0.522823222829412,0.165940112699956,0.0254094460486164
-37,0.2,-0.8,0.00475281885465137,0.633709180620183,0.16368684930301,0.0350290939605529
-43,0.2,-0.8,0.00554802125822432,0.739736167763242,0.160670920956491,0.0445932478587189
-49,0.2,-0.8,0.00630299570528928,0.840399427371904,0.15687177187745,0.0540429749546701
-55,0.2,-0.8,0.00701636320932386,0.935515094576515,0.152270911635802,0.0633143034116577
-61,0.2,-0.8,0.00768865773153764,1.02515436420502,0.146852229701976,0.0723376415989319
-67,0.2,-0.8,0.00832183440408406,1.10957792054454,0.140602367073218,0.0810369933980271
-73,0.2,-0.8,0.00891884971495627,1.18917996199417,0.133511225759311,0.0893288477216508
-79,0.2,-0.8,0.00948333101219594,1.26444413495946,0.125572816001636,0.0971205647634423
-85,0.2,-0.8,0.0100193176071573,1.33590901428763,0.116786898466138,0.104308039341906
-91,0.2,-0.8,0.0105310354311686,1.40413805748915,0.107162398880321,0.110772489901401
-97,0.2,-0.8,0.0110226540111973,1.46968720149298,0.0967245021579119,0.116376691342135
-103,0.2,-0.8,0.0114979626589189,1.53306168785585,0.085528541391619,0.120962536206097
-109,0.2,-0.8,0.0119598973727091,1.59465298302788,0.073683739317166,0.124355507509168
-115,0.2,-0.8,0.0124098840410668,1.65465120547557,0.0613835129009549,0.126386722570769
-121,0.2,-0.8,0.0128470940133072,1.71294586844096,0.0489208596034178,0.126940681386152
-127,0.2,-0.8,0.0132678945981295,1.76905261308393,0.0366529881024575,0.126011211799879
-133,0.2,-0.8,0.0136657706302411,1.82210275069881,0.0249138517903857,0.123717519984674
-139,0.2,-0.8,0.0140318070972789,1.87090761297053,0.0139379132098754,0.120258882460198
-145,0.2,-0.8,0.0143560290725175,1.914137209669,0.00384749944816331,0.115849716454738
-31,0.2,-0.4,0.00453863967318145,0.605151956424194,0.16370828439083,0.0373578081460854
-37,0.2,-0.4,0.00533453487059317,0.711271316079089,0.160554947866088,0.046751003381067
-43,0.2,-0.4,0.00608887349504618,0.811849799339491,0.156667462566826,0.0559443862976555
-49,0.2,-0.4,0.00680009052495084,0.906678736660112,0.152049777108714,0.0648759580370629
-55,0.2,-0.4,0.00746859049678585,0.995812066238113,0.146710816312714,0.0734816171209267
-61,0.2,-0.4,0.00809621498760368,1.07949533168049,0.140665068688294,0.0816953471026542
-67,0.2,-0.4,0.00868578381549827,1.1581045087331,0.133933258276058,0.0894494886651651
-73,0.2,-0.4,0.0092407346742837,1.23209795657116,0.126543111958092,0.096675130064102
-79,0.2,-0.4,0.00976485114689546,1.30198015291939,0.118530228821443,0.103302664225175
-85,0.2,-0.4,0.0102620523964108,1.36827365285477,0.109939046048165,0.109262579020999
-91,0.2,-0.4,0.0107362128644531,1.43149504859375,0.100823870751065,0.114486567085802
-97,0.2,-0.4,0.0111909809969594,1.49213079959458,0.0912499027606575,0.118909056676978
-103,0.2,-0.4,0.0116295688131271,1.55060917508361,0.0812941048052373,0.12246926272501
-109,0.2,-0.4,0.0120544882806188,1.60726510408251,0.0710456868222529,0.125113816881142
-115,0.2,-0.4,0.0124672180812615,1.6622957441682,0.0606058808451192,0.126799933225147
-121,0.2,-0.4,0.0128678009982987,1.71570679977316,0.0500866387275686,0.127498889699981
-127,0.2,-0.4,0.0132544079032169,1.76725438709559,0.0396079546727561,0.127199378459484
-133,0.2,-0.4,0.0136229744807103,1.81639659742804,0.029293752726929,0.125910084105213
-139,0.2,-0.4,0.0139671392722991,1.86228523630655,0.019266666882295,0.123660814798905
-145,0.2,-0.4,0.0142788944104422,1.90385258805896,0.00964244337551718,0.120501735333698
-31,0.2,0,0.00511553648566285,0.682071531421713,0.159965376393907,0.0486596932648889
-37,0.2,0,0.00586771405135869,0.782361873514492,0.156068239820108,0.0574669556542872
-43,0.2,0,0.00657594900339455,0.876793200452606,0.151533690885149,0.0659547307550882
-49,0.2,0,0.00724058281378674,0.965411041838232,0.146386190644048,0.0740743788365186
-55,0.2,0,0.00786340608270435,1.04845414436058,0.140653846498323,0.0817787381917627
-61,0.2,0,0.00844717799554126,1.1262903994055,0.134368393154716,0.0890223672628593
-67,0.2,0,0.00899525015957811,1.19936668794375,0.127565164619401,0.0957618004125575
-73,0.2,0,0.00951128880187353,1.2681718402498,0.120283054590329,0.101955818695288
-79,0.2,0,0.00999907238910715,1.33320965188095,0.112564462151157,0.107565736797372
-85,0.2,0,0.0104623371152956,1.39497828203942,0.104455219157696,0.112555707064478
-91,0.2,0,0.0109046441479507,1.45395255306009,0.0960044951379667,0.116893041187525
-97,0.2,0,0.0113292459471731,1.51056612628975,0.0872646749000573,0.120548549644385
-103,0.2,0,0.0117389325447576,1.56519100596768,0.0782912033652676,0.1234968983529
-109,0.2,0,0.0121358423934466,1.61811231912622,0.0691423914362582,0.125716981130066
-115,0.2,0,0.0125212279183294,1.66949705577725,0.0598791760078749,0.127192305413098
-121,0.2,0,0.0128951768152708,1.71935690870278,0.0505648265947729,0.127911387214594
-127,0.2,0,0.0132563127059281,1.76750836079041,0.041264590583237,0.127868149391346
-133,0.2,0,0.0136015425508919,1.81353900678558,0.0320452689582142,0.127062314953764
-139,0.2,0,0.0139259952041706,1.85679936055609,0.0229747147062799,0.125499784314472
-145,0.2,0,0.0142234144753333,1.89645526337778,0.0141212471987515,0.123192982119286
-31,0.6,-1.6,0.00262450535611887,0.349934047482516,0.166857607317569,0.00396807607263009
-37,0.6,-1.6,0.00345538892238582,0.460718522984777,0.166168404386338,0.0126490208594568
-43,0.6,-1.6,0.00426729492487767,0.568972656650355,0.164877212503481,0.0214340651170827
-49,0.6,-1.6,0.00505315575404468,0.67375410053929,0.16295254480669,0.0302909817831748
-55,0.6,-1.6,0.00580809442197693,0.774412589596923,0.160361688539562,0.0391834030506773
-61,0.6,-1.6,0.00652934209482281,0.870578945976375,0.157070716444397,0.0480702090797339
-67,0.6,-1.6,0.00721597782014312,0.962130376019082,0.153044498023528,0.0569048410252011
-73,0.6,-1.6,0.00786859925486177,1.0491465673149,0.148246676075137,0.0656345386516176
-79,0.6,-1.6,0.00848900687828291,1.13186758377106,0.142639528098769,0.074199508379505
-85,0.6,-1.6,0.00907994700285482,1.21065960038064,0.136183533845163,0.0825320344533969
-91,0.6,-1.6,0.00964492624554258,1.28599016607234,0.128836253170803,0.0905555502152995
-97,0.6,-1.6,0.010188088618819,1.35841181584253,0.120549613339934,0.0981836738368452
-103,0.6,-1.6,0.0107141385536682,1.42855180715577,0.11126343076785,0.105319133103985
-109,0.6,-1.6,0.0112283088583564,1.49710784778086,0.100889361610267,0.111852169467071
-115,0.6,-1.6,0.0117364687426632,1.56486249902176,0.0892670498793857,0.117656585857251
-121,0.6,-1.6,0.0122459949179918,1.63279932239891,0.0760171854400483,0.122573905882812
-127,0.6,-1.6,0.0127726981983472,1.70302642644629,0.0597491288842118,0.126299437002792
-133,0.6,-1.6,0.0134721535649581,1.79628714199442,0.0263452763175284,0.12152559619621
-139,0.6,-1.6,0.0139642299988193,1.86189733317591,0.0105515189637941,0.113460055139975
-145,0.6,-1.6,0.0143557168485631,1.91409557980841,-0.000448171585941962,0.106590696978276
-31,0.6,-1.2,0.00321686529770576,0.428915373027435,0.167000109476451,0.013716735936418
-37,0.6,-1.2,0.00403349694312498,0.537799592416664,0.165688531669614,0.0225377958626068
-43,0.6,-1.2,0.00482382009031924,0.643176012042566,0.163749017907137,0.031391279716872
-49,0.6,-1.2,0.00558244676986781,0.744326235982375,0.161157856439666,0.0402384940967416
-55,0.6,-1.2,0.00630619273421031,0.840825697894708,0.157891471319361,0.0490369550284001
-61,0.6,-1.2,0.00699381308137324,0.932508410849766,0.153926556182653,0.0577399643599252
-67,0.6,-1.2,0.00764564585274374,1.0194194470325,0.149240198606447,0.0662961453520876
-73,0.6,-1.2,0.00826325502431909,1.10176733657588,0.143809954902837,0.0746489293732496
-79,0.6,-1.2,0.00884912560290096,1.17988341372013,0.137613797234348,0.082735974997314
-85,0.6,-1.2,0.0094064280876566,1.25419041168755,0.130629783511727,0.0904884756612979
-91,0.6,-1.2,0.00993884478126314,1.32517930416842,0.122835162579058,0.0978302532934616
-97,0.6,-1.2,0.0104504363180509,1.39339150907345,0.114204349788572,0.104676396129411
-103,0.6,-1.2,0.0109455205763144,1.45940274350858,0.104704619118941,0.110930855505393
-109,0.6,-1.2,0.0114285368429774,1.52380491239699,0.0942870189289262,0.116481508424925
-115,0.6,-1.2,0.0119038824067942,1.5871843209059,0.0828667267416482,0.121188533342892
-121,0.6,-1.2,0.012375765880426,1.65010211739013,0.0702784500274422,0.124852989914423
-127,0.6,-1.2,0.0128482936833087,1.71310582444116,0.0561726979978858,0.127116918569503
-133,0.6,-1.2,0.0133257051802694,1.77676069070258,0.0398781647581204,0.127105237251171
-139,0.6,-1.2,0.0137986987964264,1.83982650619018,0.021947064509432,0.123066312687927
-145,0.6,-1.2,0.0142144522745516,1.89526030327355,0.00706527833110967,0.116146562556209
-31,0.6,-0.8,0.00380459266042002,0.507279021389336,0.166265683924046,0.0240665062505143
-37,0.6,-0.8,0.00459851493804304,0.613135325072406,0.16427009378212,0.0328925897741675
-43,0.6,-0.8,0.00536013564906521,0.714684753208694,0.161639114708118,0.0416645866186293
-49,0.6,-0.8,0.00608590227331156,0.811453636441541,0.158359898117862,0.0503393145269874
-55,0.6,-0.8,0.00677428855397728,0.903238473863638,0.154421045257992,0.0588706405456442
-61,0.6,-0.8,0.00742541742078291,0.990055656104388,0.149812839119052,0.067209240360026
-67,0.6,-0.8,0.00804067065534204,1.07208942071227,0.144527494940214,0.075302333441222
-73,0.6,-0.8,0.00862234561127986,1.14964608150398,0.138559420407702,0.0830933817972549
-79,0.6,-0.8,0.00917338170109522,1.22311756014603,0.131905470872788,0.0905217294754988
-85,0.6,-0.8,0.00969715268019945,1.29295369069326,0.124565177635245,0.0975221408714956
-91,0.6,-0.8,0.0101973053573446,1.35964071431261,0.116540919986742,0.104024161907125
-97,0.6,-0.8,0.0106776175739431,1.42368234319241,0.107838009656263,0.109951167927071
-103,0.6,-0.8,0.0111418437753178,1.48557917004238,0.0984646761387148,0.115218856438254
-109,0.6,-0.8,0.0115935117298106,1.54580156397474,0.0884320314675786,0.119732761728511
-115,0.6,-0.8,0.0120356265889731,1.60475021186308,0.0777543918164783,0.123384080527058
-121,0.6,-0.8,0.0124702272689532,1.66269696919377,0.066451232683125,0.126042746757021
-127,0.6,-0.8,0.012897725138506,1.71969668513414,0.0545546070187926,0.127546787945859
-133,0.6,-0.8,0.0133159420441672,1.7754589392223,0.0421323460560451,0.127690116097633
-139,0.6,-0.8,0.0137188060002924,1.82917413337232,0.0293485942449722,0.126226145981972
-145,0.6,-0.8,0.0140950793166135,1.8793439088818,0.0165733407097593,0.122944322090226
-31,0.6,-0.4,0.00437489662070388,0.583319549427184,0.164422857028601,0.0346432870501888
-37,0.6,-0.4,0.00513846215397118,0.685128287196157,0.161733421289126,0.0432796220032447
-43,0.6,-0.4,0.00586547083429176,0.782062777905568,0.158431087539938,0.0517675430045263
-49,0.6,-0.4,0.00655415538214056,0.873887384285408,0.154516305348921,0.060063736401582
-55,0.6,-0.4,0.00720445876207865,0.960594501610486,0.149991831487347,0.0681233881622109
-61,0.6,-0.4,0.00781761957531052,1.04234927670807,0.144862960446252,0.0759001412098729
-67,0.6,-0.4,0.00839580042217465,1.11944005628995,0.139137784110414,0.0833460595133859
-73,0.6,-0.4,0.00894178765010116,1.19223835334682,0.132827483694022,0.0904115994160187
-79,0.6,-0.4,0.0094587628837719,1.26116838450292,0.125946658271455,0.0970455879834985
-85,0.6,-0.4,0.00995013094403011,1.32668412587068,0.118513696441608,0.10319520717673
-91,0.6,-0.4,0.0104193818830171,1.38925091773562,0.110551201568336,0.108805981533638
-97,0.6,-0.4,0.0108699627584398,1.44932836779198,0.10208648783609,0.113821766218569
-103,0.6,-0.4,0.011305134263116,1.50735123508213,0.0931521759612509,0.11818473294258
-109,0.6,-0.4,0.0117277867273841,1.56370489698455,0.0837869367288319,0.121835356126405
-115,0.6,-0.4,0.0121401893117403,1.61869190823204,0.0740364616560341,0.124712416777225
-121,0.6,-0.4,0.0125436476897166,1.67248635862887,0.0639547875539533,0.126753079287493
-127,0.6,-0.4,0.0129380554608335,1.72507406144447,0.0536061670129798,0.127893180800578
-133,0.6,-0.4,0.013321356580371,1.77618087738281,0.0430677466097933,0.12806804615281
-139,0.6,-0.4,0.0136890162830235,1.82520217106979,0.0324333301336136,0.127214463658698
-145,0.6,-0.4,0.0140337680227241,1.87116906969655,0.0218182961956491,0.125274966425689
-31,0.6,0,0.00491361813692089,0.655149084922785,0.161456396990473,0.0448050072584958
-37,0.6,0,0.00564114468834297,0.752152625112396,0.158158055365201,0.0530412068702479
-43,0.6,0,0.00632980733236548,0.843974310982063,0.154302156832125,0.0610466429899948
-49,0.6,0,0.00697938175708331,0.930584234277774,0.149900931843125,0.0687838648696648
-55,0.6,0,0.00759097450312037,1.01212993374938,0.144968679148757,0.0762154453827004
-61,0.6,0,0.00816663232429841,1.08888430990646,0.139521864858015,0.0833040110848836
-67,0.6,0,0.00870902327036009,1.16120310271468,0.133579235151003,0.0900122836363114
-73,0.6,0,0.00922119394416505,1.22949252588867,0.127161942880552,0.096303134515901
-79,0.6,0,0.00970639078219955,1.29418543762661,0.120293688334519,0.102139655149884
-85,0.6,0,0.0101679262444041,1.35572349925387,0.113000874497401,0.107485244798173
-91,0.6,0,0.0106090694129364,1.41454258839151,0.105312777273445,0.112303718814305
-97,0.6,0,0.0110329414406942,1.47105885875923,0.0972617313512304,0.116559440249074
-103,0.6,0,0.0114423976326944,1.52565301769259,0.0888833327543712,0.120217478266864
-109,0.6,0,0.0118398790060932,1.57865053414576,0.0802166597042732,0.123243797598101
-115,0.6,0,0.0122272174534164,1.63029566045552,0.0713045143021255,0.125605484455365
-121,0.6,0,0.0126053820773619,1.68071761031492,0.0621936888008165,0.127271016325454
-127,0.6,0,0.0129741641098399,1.72988854797865,0.0529352619217458,0.128210586364883
-133,0.6,0,0.0133318220707253,1.77757627609671,0.0435849326711329,0.128396498659173
-139,0.6,0,0.0136747609845,1.8233014646,0.0342034009597256,0.127803659731839
-145,0.6,0,0.0139974189352169,1.86632252469559,0.0248568047665476,0.126410206410294
-31,1,-1.6,0.00259594363330516,0.346125817774022,0.167205824656017,0.00438841343486871
-37,1,-1.6,0.00339091796305126,0.452122395073501,0.166518433234794,0.0125215281145151
-43,1,-1.6,0.00416835984781361,0.555781313041814,0.165301494209148,0.0207326656344791
-49,1,-1.6,0.00492201813048203,0.65626908406427,0.16353112734955,0.0289954990648709
-55,1,-1.6,0.00564749498524382,0.752999331365843,0.161182509372393,0.0372807249788598
-61,1,-1.6,0.00634218644830732,0.84562485977431,0.158229881679526,0.0455556003969385
-67,1,-1.6,0.0070050772033699,0.934010293782654,0.154646582301632,0.0537834070782631
-73,1,-1.6,0.00763647213682926,1.01819628491057,0.150405105798579,0.061922832898626
-79,1,-1.6,0.00823773005921437,1.09836400789525,0.145477191097633,0.0699272596480588
-85,1,-1.6,0.00881103842865397,1.17480512382053,0.139833927357973,0.0777439465763426
-91,1,-1.6,0.0093592426911976,1.24789902549301,0.13344584476173,0.0853130991613545
-97,1,-1.6,0.00988572455941043,1.31809660792139,0.126282904824791,0.0925668114755723
-103,1,-1.6,0.0103943098503728,1.3859079800497,0.11831418691834,0.0994278632638219
-109,1,-1.6,0.0108891756186867,1.45189008249156,0.109506794528794,0.105808323936553
-115,1,-1.6,0.0113747154998176,1.51662873330901,0.0998228352905473,0.11160781671611
-121,1,-1.6,0.0118553126602315,1.58070835469754,0.0892115294224325,0.116710966420409
-127,1,-1.6,0.0123349810227384,1.64466413636512,0.0775879168193577,0.120982385153948
-133,1,-1.6,0.0128169815213064,1.70893086950753,0.0647678562464681,0.124252629066683
-139,1,-1.6,0.0133046504149032,1.77395338865377,0.0502017095979606,0.126258443166089
-145,1,-1.6,0.0138301864375076,1.84402485833435,0.0297195509223458,0.125828936252278
-31,1,-1.2,0.00315070726293612,0.420094301724816,0.167244573240182,0.0134365041107886
-37,1,-1.2,0.00393237622851231,0.524316830468308,0.166022504391074,0.021653655314716
-43,1,-1.2,0.00469029538442661,0.625372717923548,0.164255432060507,0.0298900338456811
-49,1,-1.2,0.0054196066972529,0.722614226300387,0.161925719994329,0.0381151052551399
-55,1,-1.2,0.00611731631297459,0.815642175063279,0.159015728018326,0.0462956470050979
-61,1,-1.2,0.0067820936943656,0.904279159248746,0.155507922386517,0.05439541102319
-67,1,-1.2,0.00741398848208516,0.988531797611355,0.151385015400014,0.0623747472784731
-73,1,-1.2,0.00801413695247945,1.06855159366393,0.146630135205436,0.070190184563132
-79,1,-1.2,0.00858450314654981,1.14460041953997,0.141227022241796,0.077793963993546
-85,1,-1.2,0.00912767328852269,1.21702310513636,0.135160239596373,0.085133518989771
-91,1,-1.2,0.00964670202913886,1.28622693721852,0.128415366173157,0.0921508910445786
-97,1,-1.2,0.010144995935425,1.35266612472333,0.120979105356895,0.0987820597333312
-103,1,-1.2,0.0106262111918604,1.41682815891472,0.112839169656852,0.104956139459621
-109,1,-1.2,0.0110941355691519,1.47921807588692,0.103983653742986,0.110594333429397
-115,1,-1.2,0.0115525167943909,1.54033557258545,0.0943992896333126,0.115608383927322
-121,1,-1.2,0.0120047898958592,1.60063865278123,0.0840672410285689,0.119897869642153
-127,1,-1.2,0.012453649986174,1.66048666482321,0.072953207194118,0.12334461797238
-133,1,-1.2,0.0129004389347502,1.72005852463337,0.0609830287475325,0.125799051969717
-139,1,-1.2,0.0133444699389612,1.77926265852816,0.0479746957121687,0.127039748971208
-145,1,-1.2,0.0137832893083435,1.83777190777913,0.0333958873622819,0.126611881886315
-31,1,-0.8,0.00369922985975205,0.493230647966939,0.166542821674752,0.0228773456518502
-37,1,-0.8,0.00446075063152822,0.594766750870429,0.164754122166533,0.0310702285560966
-43,1,-0.8,0.00519342601908157,0.692456802544209,0.162419290434888,0.0392160628219814
-49,1,-0.8,0.00589390093637614,0.785853458183485,0.159528494687339,0.0472818910726648
-55,1,-0.8,0.00656055436935124,0.874740582580165,0.156072673918155,0.0552326761698469
-61,1,-0.8,0.00719320758669909,0.959094344893211,0.152043692345411,0.0630310932901696
-67,1,-0.8,0.00779280974402226,1.03904129920297,0.14743452183719,0.070637305886645
-73,1,-0.8,0.00836115213787179,1.11482028504957,0.142239453623177,0.0780087241576662
-79,1,-0.8,0.00890063481917099,1.1867513092228,0.136454338717845,0.0850997436729096
-85,1,-0.8,0.00941408809512327,1.25521174601644,0.130076852998104,0.0918614596973844
-91,1,-0.8,0.00990463808809583,1.32061841174611,0.123106776684811,0.0982413484093963
-97,1,-0.8,0.0103755981166903,1.38341308222537,0.115546267210674,0.104182897485609
-103,1,-0.8,0.0108303633410927,1.44404844547903,0.107400085884083,0.109625151205365
-109,1,-0.8,0.0112722822628719,1.50297096838292,0.0986757066160579,0.114502100762999
-115,1,-0.8,0.0117044734925438,1.56059646567251,0.0893831786610261,0.118741780954601
-121,1,-0.8,0.0121295491617347,1.61727322156462,0.0795345146589457,0.122264790480124
-127,1,-0.8,0.0125491993720921,1.67322658294561,0.0691421908725392,0.12498164324344
-133,1,-0.8,0.0129635926961228,1.72847902614971,0.0582160019835294,0.126787654062325
-139,1,-0.8,0.0133705765787369,1.78274354383159,0.0467568792631703,0.127552349057042
-145,1,-0.8,0.0137647668011909,1.83530224015878,0.0347453295704644,0.127095881149223
-31,1,-0.4,0.00423182341856995,0.564243122475994,0.16497009472398,0.0324281776223892
-37,1,-0.4,0.00496722039391004,0.662296052521338,0.162618132388289,0.0404618389956047
-43,1,-0.4,0.0056700607074896,0.756008094331947,0.159737548273588,0.0483802229238211
-49,1,-0.4,0.00633845119083207,0.845126825444276,0.156327055089651,0.0561506198790266
-55,1,-0.4,0.00697199975796342,0.929599967728456,0.152386568367472,0.0637390787118155
-61,1,-0.4,0.0075714865768321,1.00953154357761,0.147917348826656,0.0711103038411203
-67,1,-0.4,0.00813855758793901,1.0851410117252,0.142922167579702,0.0782275504157249
-73,1,-0.4,0.00867546908073397,1.15672921076453,0.137405496041615,0.0850525178551106
-79,1,-0.4,0.00918488971595322,1.2246519621271,0.13137372224032,0.0915452419515779
-85,1,-0.4,0.00966975232143065,1.28930030952409,0.12483539483896,0.0976639851559681
-91,1,-0.4,0.0101331405505079,1.35108540673439,0.117801495501496,0.103365123509912
-97,1,-0.4,0.0105781923960161,1.41042565280215,0.110285739162041,0.108603026476145
-103,1,-0.4,0.0110080011221592,1.46773348295457,0.102304900209313,0.113329921885069
-109,1,-0.4,0.0114254926852334,1.52339902469778,0.0938791605542924,0.117495731043489
-115,1,-0.4,0.0118332563352554,1.57776751136739,0.0850324732217396,0.121047846471676
-121,1,-0.4,0.0122333021432494,1.63110695243326,0.0757929333209066,0.12393080280446
-127,1,-0.4,0.0126267179823267,1.68356239764357,0.066193149419877,0.126085753201736
-133,1,-0.4,0.0130132053533104,1.73509404710805,0.0562706189442457,0.127449597033037
-139,1,-0.4,0.0133905030000633,1.78540040000844,0.0460681483086212,0.127953488687318
-145,1,-0.4,0.013753789536777,1.8338386049036,0.0356344676877602,0.12752025851535
-31,1,0,0.00473874906436851,0.631833208582468,0.162523749965308,0.0416806614058911
-37,1,0,0.00544355712038705,0.725807616051607,0.159662931628969,0.0494172568719489
-43,1,0,0.00611357750886557,0.815143667848743,0.156309808125535,0.0569776468296682
-49,1,0,0.00674820572923794,0.899760763898392,0.152470763003798,0.0643323199250901
-55,1,0,0.00734805368638709,0.979740491518279,0.148153352746282,0.0714513522919123
-61,1,0,0.00791462852070139,1.05528380276019,0.143366401821177,0.0783043573429999
-67,1,0,0.00845006009786417,1.12667467971522,0.138120113288271,0.0848604391828028
-73,1,0,0.00895688732896925,1.19425164386257,0.132426196078272,0.0910881505197501
-79,1,0,0.00943789848634893,1.25838646484652,0.126298010155826,0.0969554560741885
-85,1,0,0.00989601301545584,1.31946840206078,0.119750730844631,0.102429702565146
-91,1,0,0.0103341895065949,1.37789193421265,0.112801533633398,0.107477596382029
-97,1,0,0.0107553440419653,1.43404587226204,0.10546980079289,0.112065189946437
-103,1,0,0.0111622633277086,1.48830177702781,0.0977773511258224,0.116157877450287
-109,1,0,0.0115574968953505,1.54099958604674,0.0897486941738052,0.119720399969879
-115,1,0,0.0119432119989893,1.59242826653191,0.0814113102950517,0.122716858666784
-121,1,0,0.0123209943140054,1.64279924186738,0.072795958369707,0.125110732529768
-127,1,0,0.0126915792600588,1.69221056800785,0.0639370138293883,0.126864893322227
-133,1,0,0.0130545074941939,1.74060099922586,0.0548728419307889,0.127941604213615
-139,1,0,0.0134077235079414,1.78769646772552,0.045646216060337,0.128302478699969
-145,1,0,0.0137471960070298,1.83295946760397,0.0363048010621409,0.127908361009009
